<?xml version='1.0' encoding='utf-8'?>
<!DOCTYPE hibernate-configuration PUBLIC
        "-//Hibernate/Hibernate Configuration DTD//EN"
        "http://www.hibernate.org/dtd/hibernate-configuration-3.0.dtd">
<hibernate-configuration>
    <session-factory>
        <property name="connection.url">jdbc:mysql://localhost:3306/acad?createDatabaseIfNotExist=true</property>
        <property name="connection.driver_class">com.mysql.cj.jdbc.Driver</property>
         <property name="connection.username">root</property>
        <property name="connection.password">root</property>

        <!-- DB schema will be updated if needed -->
        <property name="hibernate.hbm2ddl.auto">update</property>
        <property name="show_sql">true</property>
        <mapping class="com.example.erp.bean.Students" />
        <mapping class="com.example.erp.bean.Employees" />
        <mapping class="com.example.erp.bean.Departments" />
        <mapping class="com.example.erp.bean.Courses" />
        <mapping class="com.example.erp.bean.Students_Courses" />
    </session-factory>
</hibernate-configuration>